{
  "rewrites": [
    { "source": "/(.*)", "destination": "/" }
  ],
  "headers": [
    {
      "source": "/lovable-uploads/(.*)",
      "headers": [
        { "key": "Cache-Control", "value": "public, max-age=31536000, immutable" }
      ]
    },
    {
      "source": "/assets/(.*)",
      "headers": [
        { "key": "Cache-Control", "value": "public, max-age=31536000, immutable" }
      ]
    },
    {
      "source": "/(.*)\\.js",
      "headers": [
        { "key": "Cache-Control", "value": "public, max-age=31536000, immutable" }
      ]
    },
    {
      "source": "/(.*)\\.css",
      "headers": [
        { "key": "Cache-Control", "value": "public, max-age=31536000, immutable" }
      ]
    }
  ]
}
